0;TC-RollAwayProtection_RTT_SQS_v7-BCS-0001
0;TC-RollAwayProtection_RTT_SQS_v7-BCS-0004
0;TC-RollAwayProtection_RTT_SQS_v7-MCDC-0016
0;TC-RollAwayProtection_RTT_SQS_v7-TR-0006
0;TC-RollAwayProtection_RTT_SQS_v7-TR-0011
9088;TC-RollAwayProtection_RTT_SQS_v7-MCDC-0002
9088;TC-RollAwayProtection_RTT_SQS_v7-MCDC-0018
9088;TC-RollAwayProtection_RTT_SQS_v7-TR-0010
17040;TC-RollAwayProtection_RTT_SQS_v7-BCS-0002
17040;TC-RollAwayProtection_RTT_SQS_v7-BCS-0003
17040;TC-RollAwayProtection_RTT_SQS_v7-MCDC-0001
17040;TC-RollAwayProtection_RTT_SQS_v7-MCDC-0023
17040;TC-RollAwayProtection_RTT_SQS_v7-TR-0001
17040;TC-RollAwayProtection_RTT_SQS_v7-TR-0009
