TC-RollAwayProtection_RTT_SQS_v7-BCS-0001;3.14.2.7
TC-RollAwayProtection_RTT_SQS_v7-BCS-0002;3.14.2.6
TC-RollAwayProtection_RTT_SQS_v7-MCDC-0001;3.14.2.7
TC-RollAwayProtection_RTT_SQS_v7-MCDC-0002;3.14.2.7
TC-RollAwayProtection_RTT_SQS_v7-MCDC-0003;3.14.2.7
TC-RollAwayProtection_RTT_SQS_v7-MCDC-0004;3.14.2.7
TC-RollAwayProtection_RTT_SQS_v7-MCDC-0005;3.14.2.7
TC-RollAwayProtection_RTT_SQS_v7-MCDC-0006;3.14.2.7
TC-RollAwayProtection_RTT_SQS_v7-MCDC-0007;3.14.2.7
TC-RollAwayProtection_RTT_SQS_v7-MCDC-0008;3.14.2.7
TC-RollAwayProtection_RTT_SQS_v7-MCDC-0009;3.14.2.7
TC-RollAwayProtection_RTT_SQS_v7-MCDC-0010;3.14.2.7
TC-RollAwayProtection_RTT_SQS_v7-MCDC-0011;3.14.2.7
TC-RollAwayProtection_RTT_SQS_v7-MCDC-0012;3.14.2.7
TC-RollAwayProtection_RTT_SQS_v7-MCDC-0013;3.14.2.7
TC-RollAwayProtection_RTT_SQS_v7-MCDC-0014;3.14.2.7
TC-RollAwayProtection_RTT_SQS_v7-MCDC-0015;3.14.2.7
TC-RollAwayProtection_RTT_SQS_v7-MCDC-0016;3.14.2.7
TC-RollAwayProtection_RTT_SQS_v7-MCDC-0017;3.14.2.7
TC-RollAwayProtection_RTT_SQS_v7-MCDC-0018;3.14.2.7
TC-RollAwayProtection_RTT_SQS_v7-MCDC-0019;3.14.2.6
TC-RollAwayProtection_RTT_SQS_v7-MCDC-0020;3.14.2.6
TC-RollAwayProtection_RTT_SQS_v7-MCDC-0021;3.14.2.6
TC-RollAwayProtection_RTT_SQS_v7-TR-0001;3.14.2.2
TC-RollAwayProtection_RTT_SQS_v7-TR-0002;3.14.2.2
TC-RollAwayProtection_RTT_SQS_v7-TR-0003;3.14.2.3
TC-RollAwayProtection_RTT_SQS_v7-TR-0004;3.14.2.3
TC-RollAwayProtection_RTT_SQS_v7-TR-0007;3.14.1.5
TC-RollAwayProtection_RTT_SQS_v7-TR-0009;3.14.2.4
